{"name":"promptcloud_trulia-property-dataset-listing","title":"Trulia Property Dataset Listing","description":"A property listing dataset from Trulia 2020\n\n---\n{\"editor\":\"simple\"}\n---\n![https://media.data.world/tJ5hgybpQmiiU4rLZR6g\\_BLACK%20FRIDAY%20SALE!%20(1).png](https://media.data.world/tJ5hgybpQmiiU4rLZR6g_BLACK%20FRIDAY%20SALE!%20(1).png)\n\n### Context\nThis dataset was created by our in house Web Scraping and Data Mining teams at [PromptCloud](https://www.promptcloud.com/) and [DataStock](https://datastock.shop/). You can download the full dataset [here](https://app.datastock.shop/?site_name=Trulia_House_Property_Data_2020). This sample contains 30K records.\n\n### Content\nThis dataset contains the following:\nTotal Records Count: 78519  Domain Name: trulia.com  Date Range :: 01st Jan 2020 - 31st Jan 2020   File Extension : csv\n\nAvailable Fields:: Uniq Id, Crawl Timestamp, Url, Title, Description, Price, Image Url, Style, Sqr Ft, Longitude, Latitude, Home Id, Lot Size, Beds, Bath, Year Built, Price Sqr Ft, Features, Last Sold Year, Last Sold For, Last Tax Assestment, Last Tax Year, Address, City, State, Zipcode, Property Type, Address Full, Facts, Days On Trulia, Listing Agent Name, Listing Agent Contact No, Agent Name 1, Agent Contact No 1, Agent Name 2, Agent Contact No 2, Agent Name 3, Agent Contact No 3, Agent Name 4, Agent Contact No 4, Agent Name 5, Agent Contact No 5, Brokername, Image 1, Image 2, Image 3, Image 4, Image 5, Image 6, Image 7, Image 8, Image 9, Image 10, Image 11, Image 12, Image 13, Image 14, Image 15, Image 16, Image 17, Image 18, Image 19, Image 20, Image 21, Image 22, Image 23, Image 24, Image 25\n\n### Acknowledgements\nWe wouldn't be here without the help of our in house web scraping and data mining teams at PromptCloud and DataStock.\n\n### Inspiration\nThis dataset was created keeping in mind our data scientists and researchers across the world.","homepage":"https://data.world/promptcloud/trulia-property-dataset-listing","license":"Public Domain","resources":[{"name":"original/marketing_sample_for_trulia_com-trulia_property_data__20200101_20200131__5k_data.zip","description":"This dataset was created by our in house Web Scraping and Data Mining teams at PromptCloud and DataStock. You can download the full dataset here.","path":"original/marketing_sample_for_trulia_com-trulia_property_data__20200101_20200131__5k_data.zip","format":"zip","mediatype":"application/zip","bytes":3769654,"keywords":["raw data","clean data","visualization","sample"]}],"keywords":["datastock","datasets","data extraction"]}